"usageType","usageUnit","serviceName"
"APS2-AppRunner-GB-hours","hours","AWSAppRunner"
"USE1-AppRunner-GB-hours","hours","AWSAppRunner"
"USE2-AppRunner-GB-hours","hours","AWSAppRunner"
"APE1-InstanceUsg:dms.t3.medium","Hrs","AWSDatabaseMigrationSvc"
"APE1-InstanceUsg:dms.t3.micro","Hrs","AWSDatabaseMigrationSvc"
"APN1-InstanceUsg:dms.t3.medium","Hrs","AWSDatabaseMigrationSvc"
"APS1-InstanceUsg:dms.t2.medium","Hrs","AWSDatabaseMigrationSvc"
"APS1-InstanceUsg:dms.t2.micro","Hrs","AWSDatabaseMigrationSvc"
"APS1-InstanceUsg:dms.t3.large","Hrs","AWSDatabaseMigrationSvc"
"APS1-InstanceUsg:dms.t3.medium","Hrs","AWSDatabaseMigrationSvc"
"APS1-InstanceUsg:dms.t3.micro","Hrs","AWSDatabaseMigrationSvc"
"APS1-Multi-AZUsg:dms.t3.medium","Hrs","AWSDatabaseMigrationSvc"
"APS2-InstanceUsg:dms.t2.micro","Hrs","AWSDatabaseMigrationSvc"
"APS2-InstanceUsg:dms.t3.medium","Hrs","AWSDatabaseMigrationSvc"
"APS2-Multi-AZUsg:dms.c5.large","Hrs","AWSDatabaseMigrationSvc"
"APS3-InstanceUsg:dms.r5.large","Hrs","AWSDatabaseMigrationSvc"
"APS3-InstanceUsg:dms.t2.micro","Hrs","AWSDatabaseMigrationSvc"
"APS3-InstanceUsg:dms.t3.large","Hrs","AWSDatabaseMigrationSvc"
"APS3-InstanceUsg:dms.t3.medium","Hrs","AWSDatabaseMigrationSvc"
"APS3-InstanceUsg:dms.t3.micro","Hrs","AWSDatabaseMigrationSvc"
"APS3-InstanceUsg:dms.t3.small","Hrs","AWSDatabaseMigrationSvc"
"APS3-Multi-AZUsg:dms.t2.micro","Hrs","AWSDatabaseMigrationSvc"
"APS3-Multi-AZUsg:dms.t3.large","Hrs","AWSDatabaseMigrationSvc"
"EU-InstanceUsg:dms.c5.large","Hrs","AWSDatabaseMigrationSvc"
"EU-InstanceUsg:dms.t3.medium","Hrs","AWSDatabaseMigrationSvc"
"EUC1-InstanceUsg:dms.t3.medium","Hrs","AWSDatabaseMigrationSvc"
"EUW2-InstanceUsg:dms.t3.small","Hrs","AWSDatabaseMigrationSvc"
"InstanceUsg:dms.t2.medium","Hrs","AWSDatabaseMigrationSvc"
"InstanceUsg:dms.t2.micro","Hrs","AWSDatabaseMigrationSvc"
"InstanceUsg:dms.t2.small","Hrs","AWSDatabaseMigrationSvc"
"InstanceUsg:dms.t3.medium","Hrs","AWSDatabaseMigrationSvc"
"InstanceUsg:dms.t3.micro","Hrs","AWSDatabaseMigrationSvc"
"InstanceUsg:dms.t3.small","Hrs","AWSDatabaseMigrationSvc"
"Multi-AZUsg:dms.t3.large","Hrs","AWSDatabaseMigrationSvc"
"USE2-InstanceUsg:dms.t2.medium","Hrs","AWSDatabaseMigrationSvc"
"USE2-InstanceUsg:dms.t3.medium","Hrs","AWSDatabaseMigrationSvc"
"USE2-InstanceUsg:dms.t3.micro","Hrs","AWSDatabaseMigrationSvc"
"USE2-InstanceUsg:dms.t3.small","Hrs","AWSDatabaseMigrationSvc"
"USE2-Multi-AZUsg:dms.t3.medium","Hrs","AWSDatabaseMigrationSvc"
"USW2-InstanceUsg:dms.t2.large","Hrs","AWSDatabaseMigrationSvc"
"USW2-InstanceUsg:dms.t3.medium","Hrs","AWSDatabaseMigrationSvc"
"USE1-ServiceUse-Train-Evaluate-Job","hours","AWSDeepRacer"
"APN1-Small-SimpleAD-Usage","Hrs","AWSDirectoryService"
"APS1-Small-SimpleAD-Usage","Hrs","AWSDirectoryService"
"EU-Small-SimpleAD-Usage","Hrs","AWSDirectoryService"
"MicrosoftAD-DC-Usage","Hrs","AWSDirectoryService"
"Small-SimpleAD-Usage","Hrs","AWSDirectoryService"
"EML1-APS2-IN-AVC-HD-L20","Hrs","AWSElementalMediaLive"
"EML1-APS2-OUT-AVC-HD-L10-30-S","Hrs","AWSElementalMediaLive"
"EML1-APS2-OUT-IDLE","Hrs","AWSElementalMediaLive"
"APN1-Crawler-DPU-Hour","DPU-Hour","AWSGlue"
"APN1-ETL-DPU-Hour","DPU-Hour","AWSGlue"
"APN2-Crawler-DPU-Hour","DPU-Hour","AWSGlue"
"APS1-Crawler-DPU-Hour","DPU-Hour","AWSGlue"
"APS1-ETL-DPU-Hour","DPU-Hour","AWSGlue"
"APS1-GlueInteractiveSession-DPU-Hour","DPU-Hour","AWSGlue"
"APS2-Crawler-DPU-Hour","DPU-Hour","AWSGlue"
"APS2-ETL-DPU-Hour","DPU-Hour","AWSGlue"
"APS2-GlueInteractiveSession-DPU-Hour","DPU-Hour","AWSGlue"
"APS3-Crawler-DPU-Hour","DPU-Hour","AWSGlue"
"APS3-DEVED-DPU-Hour","DPU-Hour","AWSGlue"
"APS3-ETL-DPU-Hour","DPU-Hour","AWSGlue"
"APS3-ETL-Flex-DPU-Hour","DPU-Hour","AWSGlue"
"APS3-GlueInteractiveSession-DPU-Hour","DPU-Hour","AWSGlue"
"EU-Crawler-DPU-Hour","DPU-Hour","AWSGlue"
"EU-ETL-DPU-Hour","DPU-Hour","AWSGlue"
"EUC1-Crawler-DPU-Hour","DPU-Hour","AWSGlue"
"EUC1-ETL-DPU-Hour","DPU-Hour","AWSGlue"
"EUC1-GlueInteractiveSession-DPU-Hour","DPU-Hour","AWSGlue"
"EUC1-Optimization-DPU-Hour","DPU-Hour","AWSGlue"
"EUN1-Column-Statistics-DPU-Hour","DPU-Hour","AWSGlue"
"EUN1-Crawler-DPU-Hour","DPU-Hour","AWSGlue"
"EUN1-ETL-DPU-Hour","DPU-Hour","AWSGlue"
"EUN1-GlueInteractiveSession-DPU-Hour","DPU-Hour","AWSGlue"
"EUW2-Crawler-DPU-Hour","DPU-Hour","AWSGlue"
"EUW2-ETL-DPU-Hour","DPU-Hour","AWSGlue"
"EUW3-Crawler-DPU-Hour","DPU-Hour","AWSGlue"
"EUW3-ETL-DPU-Hour","DPU-Hour","AWSGlue"
"SAE1-Crawler-DPU-Hour","DPU-Hour","AWSGlue"
"SAE1-ETL-DPU-Hour","DPU-Hour","AWSGlue"
"USE1-Column-Statistics-DPU-Hour","DPU-Hour","AWSGlue"
"USE1-Crawler-DPU-Hour","DPU-Hour","AWSGlue"
"USE1-DEVED-DPU-Hour","DPU-Hour","AWSGlue"
"USE1-ETL-DPU-Hour","DPU-Hour","AWSGlue"
"USE1-ETL-Flex-DPU-Hour","DPU-Hour","AWSGlue"
"USE1-GlueInteractiveSession-DPU-Hour","DPU-Hour","AWSGlue"
"USE2-Crawler-DPU-Hour","DPU-Hour","AWSGlue"
"USE2-ETL-DPU-Hour","DPU-Hour","AWSGlue"
"USE2-GlueInteractiveSession-DPU-Hour","DPU-Hour","AWSGlue"
"USW2-Crawler-DPU-Hour","DPU-Hour","AWSGlue"
"USW2-ETL-DPU-Hour","DPU-Hour","AWSGlue"
"USE1-m5.largeEnterpriseServer","hours","AWSM2"
"USE1-m5.largeEnterpriseServer-Free","hours","AWSM2"
"USE2-m5.largeEnterpriseServer","hours","AWSM2"
"USE2-m5.largeEnterpriseServer-Free","hours","AWSM2"
"USW2-m5.largeEnterpriseServer","hours","AWSM2"
"USW2-m5.largeEnterpriseServer-Free","hours","AWSM2"
"USE2-JustInTimeAccessHour-Trial","hours","AWSSystemsManager"
"APS1-CodeExecutionInDPUHours","DPU-Hour","AmazonAthena"
"APS3-CodeExecutionInDPUHours","DPU-Hour","AmazonAthena"
"USE1-CodeExecutionInDPUHours","DPU-Hour","AmazonAthena"
"APS1-CodeInterpreter:Consumption-based:vCPU","vCPU-Hours","AmazonBedrockAgentCore"
"APS2-Runtime:Consumption-based:vCPU","vCPU-Hours","AmazonBedrockAgentCore"
"USE1-Runtime:Consumption-based:vCPU","vCPU-Hours","AmazonBedrockAgentCore"
"USW2-Runtime:Consumption-based:vCPU","vCPU-Hours","AmazonBedrockAgentCore"
"APS1-SearchInstance:m1.small","Hrs","AmazonCloudSearch"
"SearchInstance:m1.small","Hrs","AmazonCloudSearch"
"APS1-CW:DatabaseInsights-vCPU-Hours","vCPU-Hours","AmazonCloudWatch"
"APS3-CW:DatabaseInsights-vCPU-Hours","vCPU-Hours","AmazonCloudWatch"
"USE1-CW:DatabaseInsights-vCPU-Hours","vCPU-Hours","AmazonCloudWatch"
"USW2-CW:DatabaseInsights-vCPU-Hours","vCPU-Hours","AmazonCloudWatch"
"APE1-EBSOptimized:c5.2xlarge","Hrs","AmazonEC2"
"APE1-EBSOptimized:c5.4xlarge","Hrs","AmazonEC2"
"APE1-EBSOptimized:c5.large","Hrs","AmazonEC2"
"APE1-EBSOptimized:c5.xlarge","Hrs","AmazonEC2"
"APE1-EBSOptimized:c5n.xlarge","Hrs","AmazonEC2"
"APE1-EBSOptimized:m5.2xlarge","Hrs","AmazonEC2"
"APE1-EBSOptimized:r5.large","Hrs","AmazonEC2"
"APE1-EBSOptimized:r5d.large","Hrs","AmazonEC2"
"APE1-EBSOptimized:t3.medium","Hrs","AmazonEC2"
"APE1-EBSOptimized:t3.micro","Hrs","AmazonEC2"
"APE1-EBSOptimized:t3.xlarge","Hrs","AmazonEC2"
"APN1-EBSOptimized:a1.medium","Hrs","AmazonEC2"
"APN1-EBSOptimized:c3.xlarge","Hrs","AmazonEC2"
"APN1-EBSOptimized:c5.2xlarge","Hrs","AmazonEC2"
"APN1-EBSOptimized:c5.4xlarge","Hrs","AmazonEC2"
"APN1-EBSOptimized:c6a.2xlarge","Hrs","AmazonEC2"
"APN1-EBSOptimized:g4dn.2xlarge","Hrs","AmazonEC2"
"APN1-EBSOptimized:i4i.large","Hrs","AmazonEC2"
"APN1-EBSOptimized:m4.large","Hrs","AmazonEC2"
"APN1-EBSOptimized:m4.xlarge","Hrs","AmazonEC2"
"APN1-EBSOptimized:m5.4xlarge","Hrs","AmazonEC2"
"APN1-EBSOptimized:m5.large","Hrs","AmazonEC2"
"APN1-EBSOptimized:m5a.2xlarge","Hrs","AmazonEC2"
"APN1-EBSOptimized:m5a.4xlarge","Hrs","AmazonEC2"
"APN1-EBSOptimized:m5a.xlarge","Hrs","AmazonEC2"
"APN1-EBSOptimized:m5ad.4xlarge","Hrs","AmazonEC2"
"APN1-EBSOptimized:p3.2xlarge","Hrs","AmazonEC2"
"APN1-EBSOptimized:p3.8xlarge","Hrs","AmazonEC2"
"APN1-EBSOptimized:t3.large","Hrs","AmazonEC2"
"APN1-EBSOptimized:t3.medium","Hrs","AmazonEC2"
"APN1-EBSOptimized:t3.micro","Hrs","AmazonEC2"
"APN1-EBSOptimized:t3.small","Hrs","AmazonEC2"
"APN1-EBSOptimized:t3.xlarge","Hrs","AmazonEC2"
"APN1-EBSOptimized:t3a.large","Hrs","AmazonEC2"
"APN1-EBSOptimized:t3a.nano","Hrs","AmazonEC2"
"APN1-EBSOptimized:t3a.small","Hrs","AmazonEC2"
"APN1-EBSOptimized:t4g.nano","Hrs","AmazonEC2"
"APN1-EBSOptimized:t4g.small","Hrs","AmazonEC2"
"APN2-EBSOptimized:c5.12xlarge","Hrs","AmazonEC2"
"APN2-EBSOptimized:c5.2xlarge","Hrs","AmazonEC2"
"APN2-EBSOptimized:c5.xlarge","Hrs","AmazonEC2"
"APN2-EBSOptimized:r5d.4xlarge","Hrs","AmazonEC2"
"APN2-EBSOptimized:t3.micro","Hrs","AmazonEC2"
"APN2-EBSOptimized:t3a.2xlarge","Hrs","AmazonEC2"
"APN2-EBSOptimized:t3a.small","Hrs","AmazonEC2"
"APN2-EBSOptimized:t3a.xlarge","Hrs","AmazonEC2"
"APN2-EBSOptimized:t4g.nano","Hrs","AmazonEC2"
"APS1-EBSOptimized:a1.large","Hrs","AmazonEC2"
"APS1-EBSOptimized:c4.xlarge","Hrs","AmazonEC2"
"APS1-EBSOptimized:c5.2xlarge","Hrs","AmazonEC2"
"APS1-EBSOptimized:c5.4xlarge","Hrs","AmazonEC2"
"APS1-EBSOptimized:c5.9xlarge","Hrs","AmazonEC2"
"APS1-EBSOptimized:c5.large","Hrs","AmazonEC2"
"APS1-EBSOptimized:c5.metal","Hrs","AmazonEC2"
"APS1-EBSOptimized:c5.xlarge","Hrs","AmazonEC2"
"APS1-EBSOptimized:c5a.large","Hrs","AmazonEC2"
"APS1-EBSOptimized:c5d.24xlarge","Hrs","AmazonEC2"
"APS1-EBSOptimized:c5d.large","Hrs","AmazonEC2"
"APS1-EBSOptimized:c5d.metal","Hrs","AmazonEC2"
"APS1-EBSOptimized:c5n.xlarge","Hrs","AmazonEC2"
"APS1-EBSOptimized:g4dn.2xlarge","Hrs","AmazonEC2"
"APS1-EBSOptimized:g4dn.4xlarge","Hrs","AmazonEC2"
"APS1-EBSOptimized:g4dn.8xlarge","Hrs","AmazonEC2"
"APS1-EBSOptimized:g4dn.xlarge","Hrs","AmazonEC2"
"APS1-EBSOptimized:m4.2xlarge","Hrs","AmazonEC2"
"APS1-EBSOptimized:m4.4xlarge","Hrs","AmazonEC2"
"APS1-EBSOptimized:m4.large","Hrs","AmazonEC2"
"APS1-EBSOptimized:m4.xlarge","Hrs","AmazonEC2"
"APS1-EBSOptimized:m5.4xlarge","Hrs","AmazonEC2"
"APS1-EBSOptimized:m5.large","Hrs","AmazonEC2"
"APS1-EBSOptimized:m5.xlarge","Hrs","AmazonEC2"
"APS1-EBSOptimized:m7i.4xlarge","Hrs","AmazonEC2"
"APS1-EBSOptimized:p3.16xlarge","Hrs","AmazonEC2"
"APS1-EBSOptimized:p3.2xlarge","Hrs","AmazonEC2"
"APS1-EBSOptimized:p3.8xlarge","Hrs","AmazonEC2"
"APS1-EBSOptimized:r5.large","Hrs","AmazonEC2"
"APS1-EBSOptimized:t3.2xlarge","Hrs","AmazonEC2"
"APS1-EBSOptimized:t3.large","Hrs","AmazonEC2"
"APS1-EBSOptimized:t3.medium","Hrs","AmazonEC2"
"APS1-EBSOptimized:t3.micro","Hrs","AmazonEC2"
"APS1-EBSOptimized:t3.small","Hrs","AmazonEC2"
"APS1-EBSOptimized:t3.xlarge","Hrs","AmazonEC2"
"APS1-EBSOptimized:t3a.2xlarge","Hrs","AmazonEC2"
"APS1-EBSOptimized:t3a.large","Hrs","AmazonEC2"
"APS1-EBSOptimized:t3a.medium","Hrs","AmazonEC2"
"APS1-EBSOptimized:t3a.micro","Hrs","AmazonEC2"
"APS1-EBSOptimized:t3a.nano","Hrs","AmazonEC2"
"APS1-EBSOptimized:t3a.small","Hrs","AmazonEC2"
"APS1-EBSOptimized:t3a.xlarge","Hrs","AmazonEC2"
"APS1-EBSOptimized:t4g.nano","Hrs","AmazonEC2"
"APS1-EBSOptimized:t4g.small","Hrs","AmazonEC2"
"APS1-EBSOptimized:t4g.xlarge","Hrs","AmazonEC2"
"APS1-HostUsage:a1","Hrs","AmazonEC2"
"APS2-EBSOptimized:c5.2xlarge","Hrs","AmazonEC2"
"APS2-EBSOptimized:c5.large","Hrs","AmazonEC2"
"APS2-EBSOptimized:c5ad.24xlarge","Hrs","AmazonEC2"
"APS2-EBSOptimized:c5d.2xlarge","Hrs","AmazonEC2"
"APS2-EBSOptimized:c7i-flex.2xlarge","Hrs","AmazonEC2"
"APS2-EBSOptimized:c7i.8xlarge","Hrs","AmazonEC2"
"APS2-EBSOptimized:d2.8xlarge","Hrs","AmazonEC2"
"APS2-EBSOptimized:g4dn.xlarge","Hrs","AmazonEC2"
"APS2-EBSOptimized:g5.4xlarge","Hrs","AmazonEC2"
"APS2-EBSOptimized:m4.large","Hrs","AmazonEC2"
"APS2-EBSOptimized:m4.xlarge","Hrs","AmazonEC2"
"APS2-EBSOptimized:m5.large","Hrs","AmazonEC2"
"APS2-EBSOptimized:m6a.large","Hrs","AmazonEC2"
"APS2-EBSOptimized:m6i.large","Hrs","AmazonEC2"
"APS2-EBSOptimized:m7i.4xlarge","Hrs","AmazonEC2"
"APS2-EBSOptimized:m7i.large","Hrs","AmazonEC2"
"APS2-EBSOptimized:p3.8xlarge","Hrs","AmazonEC2"
"APS2-EBSOptimized:t3.2xlarge","Hrs","AmazonEC2"
"APS2-EBSOptimized:t3.medium","Hrs","AmazonEC2"
"APS2-EBSOptimized:t3.micro","Hrs","AmazonEC2"
"APS2-EBSOptimized:t3.small","Hrs","AmazonEC2"
"APS2-EBSOptimized:t3.xlarge","Hrs","AmazonEC2"
"APS2-EBSOptimized:t3a.large","Hrs","AmazonEC2"
"APS2-EBSOptimized:t3a.medium","Hrs","AmazonEC2"
"APS2-EBSOptimized:t3a.nano","Hrs","AmazonEC2"
"APS2-EBSOptimized:t3a.small","Hrs","AmazonEC2"
"APS2-EBSOptimized:t4g.nano","Hrs","AmazonEC2"
"APS2-EBSOptimized:t4g.small","Hrs","AmazonEC2"
"APS2-EBSOptimized:t4g.xlarge","Hrs","AmazonEC2"
"APS3-EBSOptimized:a1.metal","Hrs","AmazonEC2"
"APS3-EBSOptimized:c4.2xlarge","Hrs","AmazonEC2"
"APS3-EBSOptimized:c4.4xlarge","Hrs","AmazonEC2"
"APS3-EBSOptimized:c4.8xlarge","Hrs","AmazonEC2"
"APS3-EBSOptimized:c4.large","Hrs","AmazonEC2"
"APS3-EBSOptimized:c4.xlarge","Hrs","AmazonEC2"
"APS3-EBSOptimized:c5.12xlarge","Hrs","AmazonEC2"
"APS3-EBSOptimized:c5.24xlarge","Hrs","AmazonEC2"
"APS3-EBSOptimized:c5.2xlarge","Hrs","AmazonEC2"
"APS3-EBSOptimized:c5.4xlarge","Hrs","AmazonEC2"
"APS3-EBSOptimized:c5.9xlarge","Hrs","AmazonEC2"
"APS3-EBSOptimized:c5.large","Hrs","AmazonEC2"
"APS3-EBSOptimized:c5.xlarge","Hrs","AmazonEC2"
"APS3-EBSOptimized:c5a.8xlarge","Hrs","AmazonEC2"
"APS3-EBSOptimized:c5d.4xlarge","Hrs","AmazonEC2"
"APS3-EBSOptimized:c5d.large","Hrs","AmazonEC2"
"APS3-EBSOptimized:c5n.2xlarge","Hrs","AmazonEC2"
"APS3-EBSOptimized:c5n.4xlarge","Hrs","AmazonEC2"
"APS3-EBSOptimized:c5n.9xlarge","Hrs","AmazonEC2"
"APS3-EBSOptimized:c6a.8xlarge","Hrs","AmazonEC2"
"APS3-EBSOptimized:c7i-flex.large","Hrs","AmazonEC2"
"APS3-EBSOptimized:g4dn.4xlarge","Hrs","AmazonEC2"
"APS3-EBSOptimized:g4dn.xlarge","Hrs","AmazonEC2"
"APS3-EBSOptimized:inf2.48xlarge","Hrs","AmazonEC2"
"APS3-EBSOptimized:inf2.8xlarge","Hrs","AmazonEC2"
"APS3-EBSOptimized:inf2.xlarge","Hrs","AmazonEC2"
"APS3-EBSOptimized:m4.16xlarge","Hrs","AmazonEC2"
"APS3-EBSOptimized:m4.2xlarge","Hrs","AmazonEC2"
"APS3-EBSOptimized:m4.4xlarge","Hrs","AmazonEC2"
"APS3-EBSOptimized:m4.large","Hrs","AmazonEC2"
"APS3-EBSOptimized:m4.xlarge","Hrs","AmazonEC2"
"APS3-EBSOptimized:m5.24xlarge","Hrs","AmazonEC2"
"APS3-EBSOptimized:m5.2xlarge","Hrs","AmazonEC2"
"APS3-EBSOptimized:m5.4xlarge","Hrs","AmazonEC2"
"APS3-EBSOptimized:m5.large","Hrs","AmazonEC2"
"APS3-EBSOptimized:m5.xlarge","Hrs","AmazonEC2"
"APS3-EBSOptimized:m5a.2xlarge","Hrs","AmazonEC2"
"APS3-EBSOptimized:m5a.xlarge","Hrs","AmazonEC2"
"APS3-EBSOptimized:m6g.8xlarge","Hrs","AmazonEC2"
"APS3-EBSOptimized:m6i.2xlarge","Hrs","AmazonEC2"
"APS3-EBSOptimized:m6i.large","Hrs","AmazonEC2"
"APS3-EBSOptimized:t3.2xlarge","Hrs","AmazonEC2"
"APS3-EBSOptimized:t3.large","Hrs","AmazonEC2"
"APS3-EBSOptimized:t3.medium","Hrs","AmazonEC2"
"APS3-EBSOptimized:t3.micro","Hrs","AmazonEC2"
"APS3-EBSOptimized:t3.nano","Hrs","AmazonEC2"
"APS3-EBSOptimized:t3.small","Hrs","AmazonEC2"
"APS3-EBSOptimized:t3.xlarge","Hrs","AmazonEC2"
"APS3-EBSOptimized:t3a.2xlarge","Hrs","AmazonEC2"
"APS3-EBSOptimized:t3a.large","Hrs","AmazonEC2"
"APS3-EBSOptimized:t3a.medium","Hrs","AmazonEC2"
"APS3-EBSOptimized:t3a.micro","Hrs","AmazonEC2"
"APS3-EBSOptimized:t3a.small","Hrs","AmazonEC2"
"APS3-EBSOptimized:t3a.xlarge","Hrs","AmazonEC2"
"APS3-EBSOptimized:t4g.micro","Hrs","AmazonEC2"
"APS3-EBSOptimized:t4g.nano","Hrs","AmazonEC2"
"APS3-EBSOptimized:t4g.small","Hrs","AmazonEC2"
"APS3-EBSOptimized:t4g.xlarge","Hrs","AmazonEC2"
"APS3-HostUsage:mac1","Hrs","AmazonEC2"
"APS5-EBSOptimized:g6e.12xlarge","Hrs","AmazonEC2"
"APS6-EBSOptimized:c5.xlarge","Hrs","AmazonEC2"
"APS6-EBSOptimized:t3.micro","Hrs","AmazonEC2"
"DEL1-EBSOptimized:t3.medium","Hrs","AmazonEC2"
"EBSOptimized:a1.2xlarge","Hrs","AmazonEC2"
"EBSOptimized:a1.medium","Hrs","AmazonEC2"
"EBSOptimized:a1.metal","Hrs","AmazonEC2"
"EBSOptimized:c4.2xlarge","Hrs","AmazonEC2"
"EBSOptimized:c4.4xlarge","Hrs","AmazonEC2"
"EBSOptimized:c4.8xlarge","Hrs","AmazonEC2"
"EBSOptimized:c4.xlarge","Hrs","AmazonEC2"
"EBSOptimized:c5.2xlarge","Hrs","AmazonEC2"
"EBSOptimized:c5.large","Hrs","AmazonEC2"
"EBSOptimized:c5.metal","Hrs","AmazonEC2"
"EBSOptimized:c5.xlarge","Hrs","AmazonEC2"
"EBSOptimized:c5a.4xlarge","Hrs","AmazonEC2"
"EBSOptimized:c5d.18xlarge","Hrs","AmazonEC2"
"EBSOptimized:c5n.2xlarge","Hrs","AmazonEC2"
"EBSOptimized:c5n.4xlarge","Hrs","AmazonEC2"
"EBSOptimized:c5n.9xlarge","Hrs","AmazonEC2"
"EBSOptimized:c5n.metal","Hrs","AmazonEC2"
"EBSOptimized:c6g.4xlarge","Hrs","AmazonEC2"
"EBSOptimized:c6gd.2xlarge","Hrs","AmazonEC2"
"EBSOptimized:c6i.2xlarge","Hrs","AmazonEC2"
"EBSOptimized:g3.4xlarge","Hrs","AmazonEC2"
"EBSOptimized:g3s.xlarge","Hrs","AmazonEC2"
"EBSOptimized:g4dn.2xlarge","Hrs","AmazonEC2"
"EBSOptimized:g4dn.4xlarge","Hrs","AmazonEC2"
"EBSOptimized:g4dn.xlarge","Hrs","AmazonEC2"
"EBSOptimized:g5.2xlarge","Hrs","AmazonEC2"
"EBSOptimized:g5.4xlarge","Hrs","AmazonEC2"
"EBSOptimized:g5.xlarge","Hrs","AmazonEC2"
"EBSOptimized:g5g.metal","Hrs","AmazonEC2"
"EBSOptimized:g5g.xlarge","Hrs","AmazonEC2"
"EBSOptimized:g6.12xlarge","Hrs","AmazonEC2"
"EBSOptimized:g6.2xlarge","Hrs","AmazonEC2"
"EBSOptimized:g6.xlarge","Hrs","AmazonEC2"
"EBSOptimized:h1.2xlarge","Hrs","AmazonEC2"
"EBSOptimized:i3.large","Hrs","AmazonEC2"
"EBSOptimized:i3.xlarge","Hrs","AmazonEC2"
"EBSOptimized:m4.2xlarge","Hrs","AmazonEC2"
"EBSOptimized:m4.4xlarge","Hrs","AmazonEC2"
"EBSOptimized:m4.large","Hrs","AmazonEC2"
"EBSOptimized:m4.xlarge","Hrs","AmazonEC2"
"EBSOptimized:m5.2xlarge","Hrs","AmazonEC2"
"EBSOptimized:m5.4xlarge","Hrs","AmazonEC2"
"EBSOptimized:m5.large","Hrs","AmazonEC2"
"EBSOptimized:m5.xlarge","Hrs","AmazonEC2"
"EBSOptimized:m5ad.2xlarge","Hrs","AmazonEC2"
"EBSOptimized:m5d.2xlarge","Hrs","AmazonEC2"
"EBSOptimized:m5dn.xlarge","Hrs","AmazonEC2"
"EBSOptimized:m5n.xlarge","Hrs","AmazonEC2"
"EBSOptimized:m8g.large","Hrs","AmazonEC2"
"EBSOptimized:m8g.xlarge","Hrs","AmazonEC2"
"EBSOptimized:m8i.large","Hrs","AmazonEC2"
"EBSOptimized:m8i.xlarge","Hrs","AmazonEC2"
"EBSOptimized:p2.xlarge","Hrs","AmazonEC2"
"EBSOptimized:p3.16xlarge","Hrs","AmazonEC2"
"EBSOptimized:p3.2xlarge","Hrs","AmazonEC2"
"EBSOptimized:p3.8xlarge","Hrs","AmazonEC2"
"EBSOptimized:p3dn.24xlarge","Hrs","AmazonEC2"
"EBSOptimized:r5a.4xlarge","Hrs","AmazonEC2"
"EBSOptimized:t3.2xlarge","Hrs","AmazonEC2"
"EBSOptimized:t3.large","Hrs","AmazonEC2"
"EBSOptimized:t3.medium","Hrs","AmazonEC2"
"EBSOptimized:t3.micro","Hrs","AmazonEC2"
"EBSOptimized:t3.small","Hrs","AmazonEC2"
"EBSOptimized:t3.xlarge","Hrs","AmazonEC2"
"EBSOptimized:t3a.2xlarge","Hrs","AmazonEC2"
"EBSOptimized:t3a.large","Hrs","AmazonEC2"
"EBSOptimized:t3a.medium","Hrs","AmazonEC2"
"EBSOptimized:t3a.micro","Hrs","AmazonEC2"
"EBSOptimized:t3a.nano","Hrs","AmazonEC2"
"EBSOptimized:t3a.small","Hrs","AmazonEC2"
"EBSOptimized:t3a.xlarge","Hrs","AmazonEC2"
"EBSOptimized:t4g.micro","Hrs","AmazonEC2"
"EBSOptimized:t4g.nano","Hrs","AmazonEC2"
"EBSOptimized:t4g.small","Hrs","AmazonEC2"
"EU-EBSOptimized:c5.large","Hrs","AmazonEC2"
"EU-EBSOptimized:g4dn.xlarge","Hrs","AmazonEC2"
"EU-EBSOptimized:m5.large","Hrs","AmazonEC2"
"EU-EBSOptimized:m5d.16xlarge","Hrs","AmazonEC2"
"EU-EBSOptimized:m5n.large","Hrs","AmazonEC2"
"EU-EBSOptimized:t3.medium","Hrs","AmazonEC2"
"EU-EBSOptimized:t3.micro","Hrs","AmazonEC2"
"EU-EBSOptimized:t3.nano","Hrs","AmazonEC2"
"EU-EBSOptimized:t3a.large","Hrs","AmazonEC2"
"EU-EBSOptimized:t3a.nano","Hrs","AmazonEC2"
"EU-EBSOptimized:t3a.small","Hrs","AmazonEC2"
"EU-EBSOptimized:t4g.micro","Hrs","AmazonEC2"
"EU-EBSOptimized:t4g.small","Hrs","AmazonEC2"
"EU-HostUsage:mac1","Hrs","AmazonEC2"
"EUC1-EBSOptimized:c4.4xlarge","Hrs","AmazonEC2"
"EUC1-EBSOptimized:c4.large","Hrs","AmazonEC2"
"EUC1-EBSOptimized:c4.xlarge","Hrs","AmazonEC2"
"EUC1-EBSOptimized:c5.2xlarge","Hrs","AmazonEC2"
"EUC1-EBSOptimized:c5.4xlarge","Hrs","AmazonEC2"
"EUC1-EBSOptimized:c5.large","Hrs","AmazonEC2"
"EUC1-EBSOptimized:c5n.metal","Hrs","AmazonEC2"
"EUC1-EBSOptimized:m3.xlarge","Hrs","AmazonEC2"
"EUC1-EBSOptimized:m4.2xlarge","Hrs","AmazonEC2"
"EUC1-EBSOptimized:m4.large","Hrs","AmazonEC2"
"EUC1-EBSOptimized:m4.xlarge","Hrs","AmazonEC2"
"EUC1-EBSOptimized:m5.large","Hrs","AmazonEC2"
"EUC1-EBSOptimized:m5.xlarge","Hrs","AmazonEC2"
"EUC1-EBSOptimized:m5a.large","Hrs","AmazonEC2"
"EUC1-EBSOptimized:m5d.2xlarge","Hrs","AmazonEC2"
"EUC1-EBSOptimized:m5d.4xlarge","Hrs","AmazonEC2"
"EUC1-EBSOptimized:m5d.xlarge","Hrs","AmazonEC2"
"EUC1-EBSOptimized:m5dn.2xlarge","Hrs","AmazonEC2"
"EUC1-EBSOptimized:m5n.xlarge","Hrs","AmazonEC2"
"EUC1-EBSOptimized:m5zn.2xlarge","Hrs","AmazonEC2"
"EUC1-EBSOptimized:p2.xlarge","Hrs","AmazonEC2"
"EUC1-EBSOptimized:p3.2xlarge","Hrs","AmazonEC2"
"EUC1-EBSOptimized:r4.2xlarge","Hrs","AmazonEC2"
"EUC1-EBSOptimized:r4.xlarge","Hrs","AmazonEC2"
"EUC1-EBSOptimized:t3.large","Hrs","AmazonEC2"
"EUC1-EBSOptimized:t3.micro","Hrs","AmazonEC2"
"EUC1-EBSOptimized:t3.small","Hrs","AmazonEC2"
"EUC1-EBSOptimized:t3a.2xlarge","Hrs","AmazonEC2"
"EUC1-EBSOptimized:t3a.large","Hrs","AmazonEC2"
"EUC1-EBSOptimized:t3a.medium","Hrs","AmazonEC2"
"EUC1-EBSOptimized:t3a.micro","Hrs","AmazonEC2"
"EUC1-EBSOptimized:t3a.nano","Hrs","AmazonEC2"
"EUC1-EBSOptimized:t3a.xlarge","Hrs","AmazonEC2"
"EUC1-EBSOptimized:t4g.small","Hrs","AmazonEC2"
"EUC1-Reservation:t3a.micro","Hrs","AmazonEC2"
"EUC1-UnusedBox:t3a.micro","Hrs","AmazonEC2"
"EUN1-EBSOptimized:c5.2xlarge","Hrs","AmazonEC2"
"EUN1-EBSOptimized:c5.xlarge","Hrs","AmazonEC2"
"EUN1-EBSOptimized:g4dn.xlarge","Hrs","AmazonEC2"
"EUN1-EBSOptimized:r5.2xlarge","Hrs","AmazonEC2"
"EUN1-EBSOptimized:t3.medium","Hrs","AmazonEC2"
"EUN1-EBSOptimized:t3.micro","Hrs","AmazonEC2"
"EUN1-EBSOptimized:t3.small","Hrs","AmazonEC2"
"EUN1-EBSOptimized:t3.xlarge","Hrs","AmazonEC2"
"EUW2-EBSOptimized:m5.4xlarge","Hrs","AmazonEC2"
"EUW2-EBSOptimized:m5.large","Hrs","AmazonEC2"
"EUW2-EBSOptimized:m5.xlarge","Hrs","AmazonEC2"
"EUW2-EBSOptimized:t3.micro","Hrs","AmazonEC2"
"EUW3-EBSOptimized:t3.2xlarge","Hrs","AmazonEC2"
"EUW3-EBSOptimized:t3.large","Hrs","AmazonEC2"
"EUW3-EBSOptimized:t3.micro","Hrs","AmazonEC2"
"HostUsage:m3","Hrs","AmazonEC2"
"HostUsage:mac1","Hrs","AmazonEC2"
"SAE1-EBSOptimized:c5.large","Hrs","AmazonEC2"
"SAE1-EBSOptimized:m4.xlarge","Hrs","AmazonEC2"
"SAE1-EBSOptimized:m5.large","Hrs","AmazonEC2"
"SAE1-EBSOptimized:m5.xlarge","Hrs","AmazonEC2"
"SAE1-EBSOptimized:t3.micro","Hrs","AmazonEC2"
"SAE1-EBSOptimized:t3.nano","Hrs","AmazonEC2"
"SAE1-EBSOptimized:t3.small","Hrs","AmazonEC2"
"USE2-EBSOptimized:a1.large","Hrs","AmazonEC2"
"USE2-EBSOptimized:a1.metal","Hrs","AmazonEC2"
"USE2-EBSOptimized:c4.4xlarge","Hrs","AmazonEC2"
"USE2-EBSOptimized:c5.12xlarge","Hrs","AmazonEC2"
"USE2-EBSOptimized:c5.18xlarge","Hrs","AmazonEC2"
"USE2-EBSOptimized:c5.2xlarge","Hrs","AmazonEC2"
"USE2-EBSOptimized:c5.4xlarge","Hrs","AmazonEC2"
"USE2-EBSOptimized:c5.9xlarge","Hrs","AmazonEC2"
"USE2-EBSOptimized:c5.large","Hrs","AmazonEC2"
"USE2-EBSOptimized:c5.metal","Hrs","AmazonEC2"
"USE2-EBSOptimized:c5.xlarge","Hrs","AmazonEC2"
"USE2-EBSOptimized:c5a.12xlarge","Hrs","AmazonEC2"
"USE2-EBSOptimized:c5a.8xlarge","Hrs","AmazonEC2"
"USE2-EBSOptimized:c5ad.8xlarge","Hrs","AmazonEC2"
"USE2-EBSOptimized:c5d.12xlarge","Hrs","AmazonEC2"
"USE2-EBSOptimized:c5d.2xlarge","Hrs","AmazonEC2"
"USE2-EBSOptimized:c5d.4xlarge","Hrs","AmazonEC2"
"USE2-EBSOptimized:c5d.9xlarge","Hrs","AmazonEC2"
"USE2-EBSOptimized:c5d.xlarge","Hrs","AmazonEC2"
"USE2-EBSOptimized:c5n.4xlarge","Hrs","AmazonEC2"
"USE2-EBSOptimized:c5n.xlarge","Hrs","AmazonEC2"
"USE2-EBSOptimized:c6a.8xlarge","Hrs","AmazonEC2"
"USE2-EBSOptimized:c6g.metal","Hrs","AmazonEC2"
"USE2-EBSOptimized:g4ad.4xlarge","Hrs","AmazonEC2"
"USE2-EBSOptimized:g4ad.8xlarge","Hrs","AmazonEC2"
"USE2-EBSOptimized:g4ad.xlarge","Hrs","AmazonEC2"
"USE2-EBSOptimized:g4dn.2xlarge","Hrs","AmazonEC2"
"USE2-EBSOptimized:g4dn.4xlarge","Hrs","AmazonEC2"
"USE2-EBSOptimized:g4dn.xlarge","Hrs","AmazonEC2"
"USE2-EBSOptimized:g5.2xlarge","Hrs","AmazonEC2"
"USE2-EBSOptimized:g5.xlarge","Hrs","AmazonEC2"
"USE2-EBSOptimized:g6.12xlarge","Hrs","AmazonEC2"
"USE2-EBSOptimized:m4.xlarge","Hrs","AmazonEC2"
"USE2-EBSOptimized:m5.4xlarge","Hrs","AmazonEC2"
"USE2-EBSOptimized:m5.large","Hrs","AmazonEC2"
"USE2-EBSOptimized:m5.xlarge","Hrs","AmazonEC2"
"USE2-EBSOptimized:m5a.large","Hrs","AmazonEC2"
"USE2-EBSOptimized:m5ad.4xlarge","Hrs","AmazonEC2"
"USE2-EBSOptimized:m5ad.large","Hrs","AmazonEC2"
"USE2-EBSOptimized:m5d.2xlarge","Hrs","AmazonEC2"
"USE2-EBSOptimized:m5d.large","Hrs","AmazonEC2"
"USE2-EBSOptimized:m6i.8xlarge","Hrs","AmazonEC2"
"USE2-EBSOptimized:p2.xlarge","Hrs","AmazonEC2"
"USE2-EBSOptimized:p3.2xlarge","Hrs","AmazonEC2"
"USE2-EBSOptimized:p4d.24xlarge","Hrs","AmazonEC2"
"USE2-EBSOptimized:r5.2xlarge","Hrs","AmazonEC2"
"USE2-EBSOptimized:r5.4xlarge","Hrs","AmazonEC2"
"USE2-EBSOptimized:r6i.2xlarge","Hrs","AmazonEC2"
"USE2-EBSOptimized:t3.large","Hrs","AmazonEC2"
"USE2-EBSOptimized:t3.medium","Hrs","AmazonEC2"
"USE2-EBSOptimized:t3.micro","Hrs","AmazonEC2"
"USE2-EBSOptimized:t3.small","Hrs","AmazonEC2"
"USE2-EBSOptimized:t3.xlarge","Hrs","AmazonEC2"
"USE2-EBSOptimized:t3a.large","Hrs","AmazonEC2"
"USE2-EBSOptimized:t3a.medium","Hrs","AmazonEC2"
"USE2-EBSOptimized:t3a.micro","Hrs","AmazonEC2"
"USE2-EBSOptimized:t3a.small","Hrs","AmazonEC2"
"USE2-EBSOptimized:t3a.xlarge","Hrs","AmazonEC2"
"USE2-EBSOptimized:t4g.large","Hrs","AmazonEC2"
"USE2-EBSOptimized:t4g.medium","Hrs","AmazonEC2"
"USE2-EBSOptimized:t4g.micro","Hrs","AmazonEC2"
"USE2-EBSOptimized:t4g.nano","Hrs","AmazonEC2"
"USE2-EBSOptimized:t4g.small","Hrs","AmazonEC2"
"USE2-HostUsage:mac1","Hrs","AmazonEC2"
"USW1-EBSOptimized:c5.2xlarge","Hrs","AmazonEC2"
"USW1-EBSOptimized:c5.4xlarge","Hrs","AmazonEC2"
"USW1-EBSOptimized:c5.xlarge","Hrs","AmazonEC2"
"USW1-EBSOptimized:g4dn.2xlarge","Hrs","AmazonEC2"
"USW1-EBSOptimized:g4dn.xlarge","Hrs","AmazonEC2"
"USW1-EBSOptimized:m4.large","Hrs","AmazonEC2"
"USW1-EBSOptimized:m4.xlarge","Hrs","AmazonEC2"
"USW1-EBSOptimized:m5d.24xlarge","Hrs","AmazonEC2"
"USW1-EBSOptimized:t3.large","Hrs","AmazonEC2"
"USW1-EBSOptimized:t3.medium","Hrs","AmazonEC2"
"USW1-EBSOptimized:t3.micro","Hrs","AmazonEC2"
"USW1-EBSOptimized:t3a.nano","Hrs","AmazonEC2"
"USW1-EBSOptimized:t3a.small","Hrs","AmazonEC2"
"USW1-EBSOptimized:t3a.xlarge","Hrs","AmazonEC2"
"USW2-EBSOptimized:c4.large","Hrs","AmazonEC2"
"USW2-EBSOptimized:c5.4xlarge","Hrs","AmazonEC2"
"USW2-EBSOptimized:c5.large","Hrs","AmazonEC2"
"USW2-EBSOptimized:c5.xlarge","Hrs","AmazonEC2"
"USW2-EBSOptimized:c5d.2xlarge","Hrs","AmazonEC2"
"USW2-EBSOptimized:c6a.xlarge","Hrs","AmazonEC2"
"USW2-EBSOptimized:c6id.large","Hrs","AmazonEC2"
"USW2-EBSOptimized:f1.2xlarge","Hrs","AmazonEC2"
"USW2-EBSOptimized:g4ad.2xlarge","Hrs","AmazonEC2"
"USW2-EBSOptimized:g4dn.12xlarge","Hrs","AmazonEC2"
"USW2-EBSOptimized:g4dn.xlarge","Hrs","AmazonEC2"
"USW2-EBSOptimized:g5.12xlarge","Hrs","AmazonEC2"
"USW2-EBSOptimized:g5.2xlarge","Hrs","AmazonEC2"
"USW2-EBSOptimized:g5.4xlarge","Hrs","AmazonEC2"
"USW2-EBSOptimized:g6.12xlarge","Hrs","AmazonEC2"
"USW2-EBSOptimized:g6e.12xlarge","Hrs","AmazonEC2"
"USW2-EBSOptimized:g6e.xlarge","Hrs","AmazonEC2"
"USW2-EBSOptimized:m4.4xlarge","Hrs","AmazonEC2"
"USW2-EBSOptimized:m4.large","Hrs","AmazonEC2"
"USW2-EBSOptimized:m4.xlarge","Hrs","AmazonEC2"
"USW2-EBSOptimized:m5.large","Hrs","AmazonEC2"
"USW2-EBSOptimized:m5.xlarge","Hrs","AmazonEC2"
"USW2-EBSOptimized:r4.2xlarge","Hrs","AmazonEC2"
"USW2-EBSOptimized:r4.large","Hrs","AmazonEC2"
"USW2-EBSOptimized:r5.2xlarge","Hrs","AmazonEC2"
"USW2-EBSOptimized:r5.xlarge","Hrs","AmazonEC2"
"USW2-EBSOptimized:t3.2xlarge","Hrs","AmazonEC2"
"USW2-EBSOptimized:t3.medium","Hrs","AmazonEC2"
"USW2-EBSOptimized:t3.micro","Hrs","AmazonEC2"
"USW2-EBSOptimized:t3.small","Hrs","AmazonEC2"
"USW2-EBSOptimized:t3a.2xlarge","Hrs","AmazonEC2"
"USW2-EBSOptimized:t3a.medium","Hrs","AmazonEC2"
"USW2-EBSOptimized:t3a.xlarge","Hrs","AmazonEC2"
"USW2-EBSOptimized:t4g.nano","Hrs","AmazonEC2"
"USW2-EBSOptimized:z1d.2xlarge","Hrs","AmazonEC2"
"USW2-EBSOptimized:z1d.large","Hrs","AmazonEC2"
"USW2-HostUsage:mac2-m2","Hrs","AmazonEC2"
"USW2-Reservation:p4d.24xlarge","Hrs","AmazonEC2"
"USW2-UnusedBox:p4d.24xlarge","Hrs","AmazonEC2"
"EUC1-RIResaleServiceFee","Hrs","AmazonEC2RIResale2"
"APE1-Fargate-GB-Hours","hours","AmazonECS"
"APN1-ECS-Anywhere-Instance-hours-WithFree","hours","AmazonECS"
"APN1-Fargate-ARM-GB-Hours","hours","AmazonECS"
"APN1-Fargate-ARM-vCPU-Hours:perCPU","hours","AmazonECS"
"APN1-Fargate-GB-Hours","hours","AmazonECS"
"APN2-Fargate-ARM-GB-Hours","hours","AmazonECS"
"APN2-Fargate-ARM-vCPU-Hours:perCPU","hours","AmazonECS"
"APN2-Fargate-GB-Hours","hours","AmazonECS"
"APN3-Fargate-ARM-GB-Hours","hours","AmazonECS"
"APN3-Fargate-ARM-vCPU-Hours:perCPU","hours","AmazonECS"
"APN3-Fargate-GB-Hours","hours","AmazonECS"
"APS1-Fargate-ARM-GB-Hours","hours","AmazonECS"
"APS1-Fargate-ARM-vCPU-Hours:perCPU","hours","AmazonECS"
"APS1-Fargate-GB-Hours","hours","AmazonECS"
"APS2-Fargate-ARM-GB-Hours","hours","AmazonECS"
"APS2-Fargate-ARM-vCPU-Hours:perCPU","hours","AmazonECS"
"APS2-Fargate-GB-Hours","hours","AmazonECS"
"APS2-Fargate-Windows-GB-Hours","hours","AmazonECS"
"APS2-Fargate-Windows-OS-Hours:perCPU","hours","AmazonECS"
"APS2-Fargate-Windows-vCPU-Hours:perCPU","hours","AmazonECS"
"APS3-Fargate-ARM-GB-Hours","hours","AmazonECS"
"APS3-Fargate-ARM-vCPU-Hours:perCPU","hours","AmazonECS"
"APS3-Fargate-GB-Hours","hours","AmazonECS"
"APS6-Fargate-GB-Hours","hours","AmazonECS"
"CAN1-Fargate-GB-Hours","hours","AmazonECS"
"EU-Fargate-ARM-GB-Hours","hours","AmazonECS"
"EU-Fargate-ARM-vCPU-Hours:perCPU","hours","AmazonECS"
"EU-Fargate-GB-Hours","hours","AmazonECS"
"EUC1-Fargate-ARM-GB-Hours","hours","AmazonECS"
"EUC1-Fargate-ARM-vCPU-Hours:perCPU","hours","AmazonECS"
"EUC1-Fargate-GB-Hours","hours","AmazonECS"
"EUN1-Fargate-ARM-GB-Hours","hours","AmazonECS"
"EUN1-Fargate-ARM-vCPU-Hours:perCPU","hours","AmazonECS"
"EUN1-Fargate-GB-Hours","hours","AmazonECS"
"EUW2-Fargate-ARM-GB-Hours","hours","AmazonECS"
"EUW2-Fargate-ARM-vCPU-Hours:perCPU","hours","AmazonECS"
"EUW2-Fargate-GB-Hours","hours","AmazonECS"
"EUW3-Fargate-ARM-GB-Hours","hours","AmazonECS"
"EUW3-Fargate-ARM-vCPU-Hours:perCPU","hours","AmazonECS"
"EUW3-Fargate-GB-Hours","hours","AmazonECS"
"SAE1-Fargate-ARM-GB-Hours","hours","AmazonECS"
"SAE1-Fargate-ARM-vCPU-Hours:perCPU","hours","AmazonECS"
"SAE1-Fargate-GB-Hours","hours","AmazonECS"
"USE1-Fargate-ARM-GB-Hours","hours","AmazonECS"
"USE1-Fargate-ARM-vCPU-Hours:perCPU","hours","AmazonECS"
"USE1-Fargate-EphemeralStorage-GB-Hours","hours","AmazonECS"
"USE1-Fargate-GB-Hours","hours","AmazonECS"
"USE2-Fargate-ARM-GB-Hours","hours","AmazonECS"
"USE2-Fargate-ARM-vCPU-Hours:perCPU","hours","AmazonECS"
"USE2-Fargate-GB-Hours","hours","AmazonECS"
"USW1-Fargate-ARM-GB-Hours","hours","AmazonECS"
"USW1-Fargate-ARM-vCPU-Hours:perCPU","hours","AmazonECS"
"USW1-Fargate-GB-Hours","hours","AmazonECS"
"USW2-Fargate-ARM-GB-Hours","hours","AmazonECS"
"USW2-Fargate-ARM-vCPU-Hours:perCPU","hours","AmazonECS"
"USW2-Fargate-GB-Hours","hours","AmazonECS"
"APE1-Fargate-GB-Hours","hours","AmazonEKS"
"APN1-AmazonEKS-Hours:extendedSupport","Hours","AmazonEKS"
"APN1-EKS-Auto:c5a.large-management-hours","hours","AmazonEKS"
"APN1-EKS-Auto:c6g.large-management-hours","hours","AmazonEKS"
"APN1-Fargate-GB-Hours","hours","AmazonEKS"
"APN2-AmazonEKS-Hours:extendedSupport","Hours","AmazonEKS"
"APN2-EKS-Auto:c5a.large-management-hours","hours","AmazonEKS"
"APN2-EKS-Auto:c6g.large-management-hours","hours","AmazonEKS"
"APN2-Fargate-GB-Hours","hours","AmazonEKS"
"APN3-AmazonEKS-Hours:extendedSupport","Hours","AmazonEKS"
"APS1-AmazonEKS-Hours:extendedSupport","Hours","AmazonEKS"
"APS1-EKS-Auto:c5a.2xlarge-management-hours","hours","AmazonEKS"
"APS1-EKS-Auto:c5a.large-management-hours","hours","AmazonEKS"
"APS1-EKS-Auto:c5a.xlarge-management-hours","hours","AmazonEKS"
"APS1-EKS-Auto:c6g.large-management-hours","hours","AmazonEKS"
"APS1-EKS-Auto:g4dn.2xlarge-management-hours","hours","AmazonEKS"
"APS1-EKS-Auto:m6a.2xlarge-management-hours","hours","AmazonEKS"
"APS1-EKS-Auto:r5a.large-management-hours","hours","AmazonEKS"
"APS1-Fargate-GB-Hours","hours","AmazonEKS"
"APS2-AmazonEKS-Hours:extendedSupport","Hours","AmazonEKS"
"APS2-EKS-Auto:c6a.large-management-hours","hours","AmazonEKS"
"APS2-EKS-Auto:c6g.large-management-hours","hours","AmazonEKS"
"APS2-Fargate-GB-Hours","hours","AmazonEKS"
"APS3-AmazonEKS-Hours:extendedSupport","Hours","AmazonEKS"
"APS3-EKS-Auto:c5a.large-management-hours","hours","AmazonEKS"
"APS3-EKS-Auto:c6a.large-management-hours","hours","AmazonEKS"
"APS3-EKS-Auto:c6a.xlarge-management-hours","hours","AmazonEKS"
"APS3-EKS-Auto:c6g.large-management-hours","hours","AmazonEKS"
"APS3-EKS-Auto:m6a.large-management-hours","hours","AmazonEKS"
"APS3-Fargate-GB-Hours","hours","AmazonEKS"
"APS6-EKS-Auto:c5.large-management-hours","hours","AmazonEKS"
"EKS-Auto:c6a.large-management-hours","hours","AmazonEKS"
"EKS-Auto:c6a.xlarge-management-hours","hours","AmazonEKS"
"EKS-Auto:c6g.large-management-hours","hours","AmazonEKS"
"EKS-Auto:g4dn.xlarge-management-hours","hours","AmazonEKS"
"EKS-Auto:m5a.large-management-hours","hours","AmazonEKS"
"EKS-Auto:m5a.xlarge-management-hours","hours","AmazonEKS"
"EKS-Auto:r5a.xlarge-management-hours","hours","AmazonEKS"
"EKS-Auto:t3a.2xlarge-management-hours","hours","AmazonEKS"
"EKS-Auto:t3a.medium-management-hours","hours","AmazonEKS"
"EKS-Auto:t3a.xlarge-management-hours","hours","AmazonEKS"
"EU-AmazonEKS-Hours:extendedSupport","Hours","AmazonEKS"
"EU-EKS-Auto:c6a.large-management-hours","hours","AmazonEKS"
"EU-EKS-Auto:g4dn.xlarge-management-hours","hours","AmazonEKS"
"EU-Fargate-GB-Hours","hours","AmazonEKS"
"EUC1-AmazonEKS-Hours:extendedSupport","Hours","AmazonEKS"
"EUC1-EKS-Auto:c5a.large-management-hours","hours","AmazonEKS"
"EUC1-EKS-Auto:c6g.large-management-hours","hours","AmazonEKS"
"EUC1-Fargate-GB-Hours","hours","AmazonEKS"
"EUN1-EKS-Auto:c5a.large-management-hours","hours","AmazonEKS"
"EUN1-EKS-Auto:c6g.large-management-hours","hours","AmazonEKS"
"EUW2-Fargate-GB-Hours","hours","AmazonEKS"
"USE1-AmazonEKS-Hours:extendedSupport","hours","AmazonEKS"
"USE1-Fargate-GB-Hours","hours","AmazonEKS"
"USE2-AmazonEKS-Hours:extendedSupport","Hours","AmazonEKS"
"USE2-EKS-Auto:c6a.2xlarge-management-hours","hours","AmazonEKS"
"USE2-EKS-Auto:c6a.large-management-hours","hours","AmazonEKS"
"USE2-EKS-Auto:c6a.xlarge-management-hours","hours","AmazonEKS"
"USE2-EKS-Auto:c6g.large-management-hours","hours","AmazonEKS"
"USE2-EKS-Auto:c6g.xlarge-management-hours","hours","AmazonEKS"
"USE2-EKS-Auto:m5a.large-management-hours","hours","AmazonEKS"
"USE2-Fargate-GB-Hours","hours","AmazonEKS"
"USW1-AmazonEKS-Hours:extendedSupport","Hours","AmazonEKS"
"USW1-EKS-Auto:c5a.large-management-hours","hours","AmazonEKS"
"USW1-EKS-Auto:c6g.large-management-hours","hours","AmazonEKS"
"USW1-Fargate-GB-Hours","hours","AmazonEKS"
"USW2-AmazonEKS-Hours:extendedSupport","Hours","AmazonEKS"
"USW2-EKS-Auto:c6a.large-management-hours","hours","AmazonEKS"
"USW2-EKS-Auto:c6g.large-management-hours","hours","AmazonEKS"
"USW2-EKS-Auto:m5a.large-management-hours","hours","AmazonEKS"
"USW2-Fargate-GB-Hours","hours","AmazonEKS"
"APN1-ESInstance:m4.large","Hrs","AmazonES"
"APN1-ESInstance:m5.large","Hrs","AmazonES"
"APN1-ESInstance:m6g.large","Hrs","AmazonES"
"APN1-ESInstance:r5.large","Hrs","AmazonES"
"APN1-ESInstance:r6g.large","Hrs","AmazonES"
"APN1-ESInstance:t2.medium","Hrs","AmazonES"
"APN1-ESInstance:t3.medium","Hrs","AmazonES"
"APN2-ESInstance:r5.large","Hrs","AmazonES"
"APN2-ESInstance:t2.small","Hrs","AmazonES"
"APN2-ESInstance:t3.medium","Hrs","AmazonES"
"APS1-ESInstance:c5.large","Hrs","AmazonES"
"APS1-ESInstance:m4.large","Hrs","AmazonES"
"APS1-ESInstance:m6g.large","Hrs","AmazonES"
"APS1-ESInstance:r5.large","Hrs","AmazonES"
"APS1-ESInstance:r6g.large","Hrs","AmazonES"
"APS1-ESInstance:t2.medium","Hrs","AmazonES"
"APS1-ESInstance:t2.small","Hrs","AmazonES"
"APS1-ESInstance:t3.medium","Hrs","AmazonES"
"APS1-ESInstance:t3.small","Hrs","AmazonES"
"APS2-ESInstance:m4.large","Hrs","AmazonES"
"APS2-ESInstance:m6g.large","Hrs","AmazonES"
"APS2-ESInstance:r6g.large","Hrs","AmazonES"
"APS2-ESInstance:t2.small","Hrs","AmazonES"
"APS3-ESInstance:c4.large","Hrs","AmazonES"
"APS3-ESInstance:m4.large","Hrs","AmazonES"
"APS3-ESInstance:m4.xlarge","Hrs","AmazonES"
"APS3-ESInstance:m5.large","Hrs","AmazonES"
"APS3-ESInstance:m6g.large","Hrs","AmazonES"
"APS3-ESInstance:r4.large","Hrs","AmazonES"
"APS3-ESInstance:r5.large","Hrs","AmazonES"
"APS3-ESInstance:r6g.large","Hrs","AmazonES"
"APS3-ESInstance:t2.medium","Hrs","AmazonES"
"APS3-ESInstance:t2.micro","Hrs","AmazonES"
"APS3-ESInstance:t2.small","Hrs","AmazonES"
"APS3-ESInstance:t3.medium","Hrs","AmazonES"
"APS3-ESInstance:t3.small","Hrs","AmazonES"
"ESInstance:m3.medium","Hrs","AmazonES"
"ESInstance:m4.large","Hrs","AmazonES"
"ESInstance:m5.large","Hrs","AmazonES"
"ESInstance:m7g.large","Hrs","AmazonES"
"ESInstance:r5.large","Hrs","AmazonES"
"ESInstance:r6g.large","Hrs","AmazonES"
"ESInstance:r7g.large","Hrs","AmazonES"
"ESInstance:r8g.large","Hrs","AmazonES"
"ESInstance:t2.medium","Hrs","AmazonES"
"ESInstance:t2.micro","Hrs","AmazonES"
"ESInstance:t2.small","Hrs","AmazonES"
"ESInstance:t3.medium","Hrs","AmazonES"
"ESInstance:t3.small","Hrs","AmazonES"
"EU-ESInstance:m3.medium","Hrs","AmazonES"
"EU-ESInstance:t3.small","Hrs","AmazonES"
"EUC1-ESInstance:t3.medium","Hrs","AmazonES"
"EUC1-ESInstance:t3.small","Hrs","AmazonES"
"EUC1-OpenSearchExtendedSupport","Hrs","AmazonES"
"EUN1-ESInstance:m7g.large","Hrs","AmazonES"
"EUN1-ESInstance:r7g.large","Hrs","AmazonES"
"EUW2-ESInstance:t2.small","Hrs","AmazonES"
"USE2-ESInstance:c4.2xlarge","Hrs","AmazonES"
"USE2-ESInstance:m4.large","Hrs","AmazonES"
"USE2-ESInstance:m5.xlarge","Hrs","AmazonES"
"USE2-ESInstance:m7g.large","Hrs","AmazonES"
"USE2-ESInstance:r4.2xlarge","Hrs","AmazonES"
"USE2-ESInstance:r5.large","Hrs","AmazonES"
"USE2-ESInstance:r7g.large","Hrs","AmazonES"
"USE2-ESInstance:t3.small","Hrs","AmazonES"
"USW1-ESInstance:c4.large","Hrs","AmazonES"
"USW1-ESInstance:m4.large","Hrs","AmazonES"
"USW1-ESInstance:t2.medium","Hrs","AmazonES"
"USW2-ESInstance:m4.large","Hrs","AmazonES"
"USW2-ESInstance:m5.large","Hrs","AmazonES"
"USW2-ESInstance:m7g.large","Hrs","AmazonES"
"USW2-ESInstance:r5.large","Hrs","AmazonES"
"USW2-ESInstance:r6g.2xlarge","Hrs","AmazonES"
"USW2-ESInstance:r7g.large","Hrs","AmazonES"
"APS1-ConnectorSync","hours","AmazonKendra"
"APS1-KendraDeveloperEdition","hours","AmazonKendra"
"APS3-ConnectorSync","hours","AmazonKendra"
"APS3-KendraDeveloperEdition","hours","AmazonKendra"
"EU-Kendra-GenAI-Ent-Base-Capacity","hours","AmazonKendra"
"USE1-ConnectorSync","hours","AmazonKendra"
"USE1-Kendra-GenAI-Ent-Base-Capacity","hours","AmazonKendra"
"USE1-KendraDeveloperEdition","hours","AmazonKendra"
"APN1-ContainerSvcUsage:Large-2CPU-4GB","Hrs","AmazonLightsail"
"APN1-ContainerSvcUsage:Medium-1CPU-2GB","Hrs","AmazonLightsail"
"APN1-ContainerSvcUsage:Nano-0.25CPU-0.5GB","Hrs","AmazonLightsail"
"APN1-DatabaseUsage:1GB","Hrs","AmazonLightsail"
"APN2-DatabaseUsage:2GB","Hrs","AmazonLightsail"
"APS1-ContainerSvcUsage:Micro-0.25CPU-1GB-Free","Hrs","AmazonLightsail"
"APS1-DatabaseUsage:1GB","Hrs","AmazonLightsail"
"APS3-ContainerSvcUsage:Nano-0.25CPU-0.5GB","Hrs","AmazonLightsail"
"APS3-DatabaseUsage:1GB","Hrs","AmazonLightsail"
"USE1-ContainerSvcUsage:Nano-0.25CPU-0.5GB","Hrs","AmazonLightsail"
"APS1-Single-AZUsage:mq.m5.large","Hrs","AmazonMQ"
"APS3-Single-AZUsage:mq.t2.micro","Hrs","AmazonMQ"
"USE2-Single-AZUsage:mq.t3.micro","Hrs","AmazonMQ"
"APN3-Kafka.m7g.large","hours","AmazonMSK"
"APS1-Kafka.m5.large","hours","AmazonMSK"
"APS1-Kafka.t3.small","hours","AmazonMSK"
"APS1-KafkaServerless-ClusterHours","hours","AmazonMSK"
"APS1-KafkaServerless-PartitionHours","hours","AmazonMSK"
"APS2-Kafka.m5.large","hours","AmazonMSK"
"APS2-Kafka.m7g.large","hours","AmazonMSK"
"APS2-KafkaServerless-ClusterHours","hours","AmazonMSK"
"APS3-Kafka.m5.16xlarge","hours","AmazonMSK"
"APS3-Kafka.m5.2xlarge","hours","AmazonMSK"
"APS3-Kafka.m5.large","hours","AmazonMSK"
"APS3-Kafka.m5.xlarge","hours","AmazonMSK"
"APS3-Kafka.m7g.large","hours","AmazonMSK"
"APS3-Kafka.m7g.xlarge","hours","AmazonMSK"
"APS3-Kafka.t3.small","hours","AmazonMSK"
"APS3-KafkaServerless-ClusterHours","hours","AmazonMSK"
"APS6-Kafka.t3.small","hours","AmazonMSK"
"EU-Kafka.t3.small","hours","AmazonMSK"
"EU-KafkaServerless-ClusterHours","hours","AmazonMSK"
"EUC1-Express.m7g.large","hours","AmazonMSK"
"EUN1-Kafka.t3.small","hours","AmazonMSK"
"EUN1-KafkaServerless-ClusterHours","hours","AmazonMSK"
"USE1-Express.m7g.large","hours","AmazonMSK"
"USE1-Kafka.m5.large","hours","AmazonMSK"
"USE1-Kafka.m5.xlarge","hours","AmazonMSK"
"USE1-Kafka.m7g.large","hours","AmazonMSK"
"USE1-Kafka.t3.small","hours","AmazonMSK"
"USE1-KafkaServerless-ClusterHours","hours","AmazonMSK"
"USE2-Kafka.m5.large","hours","AmazonMSK"
"USE2-Kafka.m5.large","Hours","AmazonMSK"
"USE2-Kafka.m5.xlarge","hours","AmazonMSK"
"USE2-Kafka.m7g.large","hours","AmazonMSK"
"USE2-Kafka.t3.small","hours","AmazonMSK"
"USE2-KafkaServerless-ClusterHours","hours","AmazonMSK"
"USW1-Kafka.m7g.large","hours","AmazonMSK"
"USW2-Kafka.t3.small","hours","AmazonMSK"
"APS1-MemoryOptimizedGraphUsage:16-m-NCU","Hrs","AmazonNeptune"
"EUC1-MemoryOptimizedGraphUsage:128-m-NCU","Hrs","AmazonNeptune"
"USE1-MemoryOptimizedGraphUsage:128-m-NCU","Hrs","AmazonNeptune"
"USE1-MemoryOptimizedStoppedGraphUsage:128-m-NCU","Hrs","AmazonNeptune"
"USE2-MemoryOptimizedGraphUsage:32-m-NCU","Hrs","AmazonNeptune"
"USE1-AmazonQ-Index","hours","AmazonQ"
"USE1-Q-Business-Enterprise-Index","hours","AmazonQ"
"USE1-Q-Business-Starter-Index-free","hours","AmazonQ"
"APN1-Aurora:IO-OptimizedLimitlessACUUsage-Limitless","ACU-Hr","AmazonRDS"
"APN1-Multi-AZClusterUsage:db.m5d.large","Hrs","AmazonRDS"
"APN2-MirrorUsage:db.m4.large","Hrs","AmazonRDS"
"APS1-MirrorUsage:db.m5.large","Hrs","AmazonRDS"
"APS1-Multi-AZClusterUsage:db.m5d.xl","Hrs","AmazonRDS"
"APS1-RDS:ProxyUsage","Hrs","AmazonRDS"
"APS3-MirrorUsage:db.r4.large","Hrs","AmazonRDS"
"APS3-MirrorUsage:db.r5.xl","Hrs","AmazonRDS"
"APS3-MirrorUsage:db.t3.xl","Hrs","AmazonRDS"
"APS3-Multi-AZClusterUsage:db.m5d.large","Hrs","AmazonRDS"
"APS3-Multi-AZClusterUsage:db.m5d.xl","Hrs","AmazonRDS"
"APS3-Multi-AZClusterUsage:db.m6gd.large","Hrs","AmazonRDS"
"APS3-RDS:ProxyUsage","Hrs","AmazonRDS"
"EU-Multi-AZClusterUsage:db.r6gd.xl","Hrs","AmazonRDS"
"EUC1-Multi-AZClusterUsage:db.m5d.xl","Hrs","AmazonRDS"
"EUW2-Aurora:ServerlessV2IOOptimizedUsage","ACU-Hr","AmazonRDS"
"Multi-AZClusterUsage:db.c6gd.medium","Hrs","AmazonRDS"
"USE1-RDS:ProxyUsage","Hrs","AmazonRDS"
"USE2-Multi-AZClusterUsage:db.m5d.large","Hrs","AmazonRDS"
"USE2-RDS:ProxyUsage","Hrs","AmazonRDS"
"APS1-Node:dc2.large","Hrs","AmazonRedshift"
"APS3-Node:dc2.large","Hrs","AmazonRedshift"
"EU-Node:ra3.large","Hrs","AmazonRedshift"
"EUC1-Node:dc2.large","Hrs","AmazonRedshift"
"EUN1-Node:ra3.xlplus","Hrs","AmazonRedshift"
"Node:dc2.large","Hrs","AmazonRedshift"
"Node:ra3.4xlarge","Hrs","AmazonRedshift"
"Node:ra3.xlplus","Hrs","AmazonRedshift"
"USE2-Node:dc2.large","Hrs","AmazonRedshift"
"USW2-Node:dc2.large","Hrs","AmazonRedshift"
"APN1-Notebk:ml.t3.medium","Hrs","AmazonSageMaker"
"APS1-AsyncInf:ml.c5.2xlarge","Hrs","AmazonSageMaker"
"APS1-Canvas:Session-Hrs","Hrs","AmazonSageMaker"
"APS1-Notebk:ml.m5.xlarge","Hrs","AmazonSageMaker"
"APS1-Notebk:ml.t3.medium","Hrs","AmazonSageMaker"
"APS1-Studio:CodeEditor-ml.t3.medium","Hrs","AmazonSageMaker"
"APS1-Studio:JupyterLab-ml.t3.medium","Hrs","AmazonSageMaker"
"APS1-Tsform:ml.m5.4xlarge","Hrs","AmazonSageMaker"
"APS2-Canvas:Session-Hrs","Hrs","AmazonSageMaker"
"APS2-Host:ml.g4dn.4xlarge","Hrs","AmazonSageMaker"
"APS2-Host:ml.g4dn.xlarge","Hrs","AmazonSageMaker"
"APS2-Host:ml.g5.2xlarge","Hrs","AmazonSageMaker"
"APS2-Host:ml.t2.medium","Hrs","AmazonSageMaker"
"APS2-Notebk:ml.g4dn.xlarge","Hrs","AmazonSageMaker"
"APS2-Notebk:ml.t2.medium","Hrs","AmazonSageMaker"
"APS2-Notebk:ml.t3.medium","Hrs","AmazonSageMaker"
"APS2-Processing:ml.c5.18xlarge","Hrs","AmazonSageMaker"
"APS2-Processing_DW:ml.m5.4xlarge","Hrs","AmazonSageMaker"
"APS2-Studio:CodeEditor-ml.t3.large","Hrs","AmazonSageMaker"
"APS2-Studio:CodeEditor-ml.t3.medium","Hrs","AmazonSageMaker"
"APS2-Studio:JupyterLab-ml.t3.medium","Hrs","AmazonSageMaker"
"APS2-Studio:KernelGateway-ml.g4dn.2xlarge","Hrs","AmazonSageMaker"
"APS2-Studio:KernelGateway-ml.g4dn.xlarge","Hrs","AmazonSageMaker"
"APS2-Studio:KernelGateway-ml.t3.medium","Hrs","AmazonSageMaker"
"APS2-Train:ml.g4dn.xlarge","Hrs","AmazonSageMaker"
"APS2-Train:ml.m5.12xlarge","Hrs","AmazonSageMaker"
"APS3-Canvas:Session-Hrs","Hrs","AmazonSageMaker"
"APS3-Notebk:ml.t2.medium","Hrs","AmazonSageMaker"
"APS3-Notebk:ml.t3.2xlarge","Hrs","AmazonSageMaker"
"APS3-Notebk:ml.t3.medium","Hrs","AmazonSageMaker"
"APS3-Studio:JupyterLab-ml.t3.medium","Hrs","AmazonSageMaker"
"EU-Host:ml.m4.xlarge","Hrs","AmazonSageMaker"
"EU-Notebk:ml.t2.medium","Hrs","AmazonSageMaker"
"EU-Studio:CodeEditor-ml.g4dn.4xlarge","Hrs","AmazonSageMaker"
"EU-Studio:CodeEditor-ml.g4dn.xlarge","Hrs","AmazonSageMaker"
"EU-Train:ml.g4dn.2xlarge","Hrs","AmazonSageMaker"
"EU-Train:ml.g5.xlarge","Hrs","AmazonSageMaker"
"EU-Train:ml.m4.10xlarge","Hrs","AmazonSageMaker"
"EU-Train:ml.p2.xlarge","Hrs","AmazonSageMaker"
"EUC1-AsyncInf:ml.c5.2xlarge","Hrs","AmazonSageMaker"
"EUC1-Canvas:Session-Hrs","Hrs","AmazonSageMaker"
"EUC1-Host:ml.c5.4xlarge","Hrs","AmazonSageMaker"
"EUC1-Host:ml.c5.xlarge","Hrs","AmazonSageMaker"
"EUC1-Host:ml.g5.xlarge","Hrs","AmazonSageMaker"
"EUC1-Host:ml.m5.12xlarge","Hrs","AmazonSageMaker"
"EUC1-Host:ml.m5.large","Hrs","AmazonSageMaker"
"EUC1-Host:ml.m5.xlarge","Hrs","AmazonSageMaker"
"EUC1-Host:ml.t2.medium","Hrs","AmazonSageMaker"
"EUC1-MLflow:TrackingServerCompute-Small","Hours","AmazonSageMaker"
"EUC1-Notebk:ml.g4dn.2xlarge","Hrs","AmazonSageMaker"
"EUC1-Notebk:ml.g4dn.4xlarge","Hrs","AmazonSageMaker"
"EUC1-Processing:ml.m5.12xlarge","Hrs","AmazonSageMaker"
"EUC1-Processing:ml.m5.24xlarge","Hrs","AmazonSageMaker"
"EUC1-Processing:ml.t3.medium","Hrs","AmazonSageMaker"
"EUC1-Studio:CodeEditor-ml.g4dn.2xlarge","Hrs","AmazonSageMaker"
"EUC1-Studio:CodeEditor-ml.g4dn.4xlarge","Hrs","AmazonSageMaker"
"EUC1-Studio:CodeEditor-ml.g5.xlarge","Hrs","AmazonSageMaker"
"EUC1-Studio:CodeEditor-ml.t3.medium","Hrs","AmazonSageMaker"
"EUC1-Studio:JupyterLab-ml.m5.2xlarge","Hrs","AmazonSageMaker"
"EUC1-Studio:JupyterLab-ml.t3.medium","Hrs","AmazonSageMaker"
"EUC1-Studio:KernelGateway-ml.g4dn.xlarge","Hrs","AmazonSageMaker"
"EUC1-Studio:KernelGateway-ml.t3.medium","Hrs","AmazonSageMaker"
"EUC1-Train:ml.c5.4xlarge","Hrs","AmazonSageMaker"
"EUC1-Train:ml.m5.4xlarge","Hrs","AmazonSageMaker"
"EUC1-Tsform:ml.m5.4xlarge","Hrs","AmazonSageMaker"
"EUC1-UnifiedStudio:Notebook-sc.t3.medium","Hrs","AmazonSageMaker"
"EUN1-Host:ml.g4dn.2xlarge","Hrs","AmazonSageMaker"
"EUN1-Host:ml.g4dn.xlarge","Hrs","AmazonSageMaker"
"EUN1-Host:ml.m5.2xlarge","Hrs","AmazonSageMaker"
"EUN1-Host:ml.m5.xlarge","Hrs","AmazonSageMaker"
"EUN1-Studio:JupyterLab-ml.t3.medium","Hrs","AmazonSageMaker"
"EUW2-Host:ml.m4.xlarge","Hrs","AmazonSageMaker"
"EUW2-Notebk:ml.t2.large","Hrs","AmazonSageMaker"
"EUW2-Notebk:ml.t2.medium","Hrs","AmazonSageMaker"
"EUW2-Notebk:ml.t3.medium","Hrs","AmazonSageMaker"
"EUW2-Studio:JupyterLab-ml.t3.medium","Hrs","AmazonSageMaker"
"SAE1-Notebk:ml.t2.medium","Hrs","AmazonSageMaker"
"SAE1-Notebk:ml.t3.medium","Hrs","AmazonSageMaker"
"USE1-AsyncInf:ml.c5.2xlarge","Hrs","AmazonSageMaker"
"USE1-Canvas:Session-Hrs","Hrs","AmazonSageMaker"
"USE1-Host:ml.c4.xlarge","Hrs","AmazonSageMaker"
"USE1-Host:ml.c5.4xlarge","Hrs","AmazonSageMaker"
"USE1-Host:ml.g4dn.12xlarge","Hrs","AmazonSageMaker"
"USE1-Host:ml.g5.12xlarge","Hrs","AmazonSageMaker"
"USE1-Host:ml.g5.24xlarge","Hrs","AmazonSageMaker"
"USE1-Host:ml.g5.2xlarge","Hrs","AmazonSageMaker"
"USE1-Host:ml.g5.4xlarge","Hrs","AmazonSageMaker"
"USE1-Host:ml.g5.xlarge","Hrs","AmazonSageMaker"
"USE1-Host:ml.g6e.xlarge","Hrs","AmazonSageMaker"
"USE1-Host:ml.m4.xlarge","Hrs","AmazonSageMaker"
"USE1-Host:ml.m5.12xlarge","Hrs","AmazonSageMaker"
"USE1-Host:ml.m5.2xlarge","Hrs","AmazonSageMaker"
"USE1-Host:ml.m5.large","Hrs","AmazonSageMaker"
"USE1-Host:ml.m5.xlarge","Hrs","AmazonSageMaker"
"USE1-Host:ml.p3.16xlarge","Hrs","AmazonSageMaker"
"USE1-Host:ml.p3.2xlarge","Hrs","AmazonSageMaker"
"USE1-Host:ml.p3.8xlarge","Hrs","AmazonSageMaker"
"USE1-Host:ml.t2.medium","Hrs","AmazonSageMaker"
"USE1-MonitorFreeTier:ml.m5.xlarge","Hrs","AmazonSageMaker"
"USE1-Notebk:ml.c5.4xlarge","Hrs","AmazonSageMaker"
"USE1-Notebk:ml.c5.9xlarge","Hrs","AmazonSageMaker"
"USE1-Notebk:ml.c5.xlarge","Hrs","AmazonSageMaker"
"USE1-Notebk:ml.t2.medium","Hrs","AmazonSageMaker"
"USE1-Notebk:ml.t3.2xlarge","Hrs","AmazonSageMaker"
"USE1-Notebk:ml.t3.large","Hrs","AmazonSageMaker"
"USE1-Notebk:ml.t3.medium","Hrs","AmazonSageMaker"
"USE1-Notebk:ml.t3.xlarge","Hrs","AmazonSageMaker"
"USE1-Processing:ml.c4.xlarge","Hrs","AmazonSageMaker"
"USE1-Processing:ml.c5.xlarge","Hrs","AmazonSageMaker"
"USE1-Processing:ml.g4dn.4xlarge","Hrs","AmazonSageMaker"
"USE1-Processing:ml.g4dn.xlarge","Hrs","AmazonSageMaker"
"USE1-Processing:ml.g6e.2xlarge","Hrs","AmazonSageMaker"
"USE1-Processing:ml.m4.xlarge","Hrs","AmazonSageMaker"
"USE1-Processing:ml.m5.4xlarge","Hrs","AmazonSageMaker"
"USE1-Processing:ml.m5.xlarge","Hrs","AmazonSageMaker"
"USE1-Processing:ml.r5.16xlarge","Hrs","AmazonSageMaker"
"USE1-Processing:ml.t3.medium","Hrs","AmazonSageMaker"
"USE1-Processing_DW:ml.m5.4xlarge","Hrs","AmazonSageMaker"
"USE1-Studio:CodeEditor-ml.g4dn.4xlarge","Hrs","AmazonSageMaker"
"USE1-Studio:CodeEditor-ml.g4dn.xlarge","Hrs","AmazonSageMaker"
"USE1-Studio:CodeEditor-ml.m5.16xlarge","Hrs","AmazonSageMaker"
"USE1-Studio:CodeEditor-ml.m5.2xlarge","Hrs","AmazonSageMaker"
"USE1-Studio:CodeEditor-ml.t3.medium","Hrs","AmazonSageMaker"
"USE1-Studio:JupyterLab-ml.g6.xlarge","Hrs","AmazonSageMaker"
"USE1-Studio:JupyterLab-ml.t3.medium","Hrs","AmazonSageMaker"
"USE1-Studio:KernelGateway-ml.g4dn.2xlarge","Hrs","AmazonSageMaker"
"USE1-Studio:KernelGateway-ml.g4dn.xlarge","Hrs","AmazonSageMaker"
"USE1-Studio:KernelGateway-ml.m5.large","Hrs","AmazonSageMaker"
"USE1-Studio:KernelGateway-ml.t3.medium","Hrs","AmazonSageMaker"
"USE1-Studio_DW:KernelGateway-ml.m5.4xlarge","Hrs","AmazonSageMaker"
"USE1-Train:ml.c4.xlarge","Hrs","AmazonSageMaker"
"USE1-Train:ml.c5.4xlarge","Hrs","AmazonSageMaker"
"USE1-Train:ml.g4dn.2xlarge","Hrs","AmazonSageMaker"
"USE1-Train:ml.g4dn.4xlarge","Hrs","AmazonSageMaker"
"USE1-Train:ml.g4dn.xlarge","Hrs","AmazonSageMaker"
"USE1-Train:ml.g5.xlarge","Hrs","AmazonSageMaker"
"USE1-Train:ml.g6.xlarge","Hrs","AmazonSageMaker"
"USE1-Train:ml.g6e.2xlarge","Hrs","AmazonSageMaker"
"USE1-Train:ml.m4.4xlarge","Hrs","AmazonSageMaker"
"USE1-Train:ml.m4.xlarge","Hrs","AmazonSageMaker"
"USE1-Train:ml.m5.12xlarge","Hrs","AmazonSageMaker"
"USE1-Train:ml.m5.2xlarge","Hrs","AmazonSageMaker"
"USE1-Train:ml.m5.4xlarge","Hrs","AmazonSageMaker"
"USE1-Train:ml.m5.large","Hrs","AmazonSageMaker"
"USE1-Train:ml.m5.xlarge","Hrs","AmazonSageMaker"
"USE1-Train:ml.p3.2xlarge","Hrs","AmazonSageMaker"
"USE1-TrainDebugFreeTier:ml.m5.2xlarge","Hrs","AmazonSageMaker"
"USE1-Tsform:ml.m4.xlarge","Hrs","AmazonSageMaker"
"USE1-Tsform:ml.m5.4xlarge","Hrs","AmazonSageMaker"
"USE1-Tsform:ml.m5.xlarge","Hrs","AmazonSageMaker"
"USE1-UnifiedStudio:Notebook-sc.t3.medium","Hrs","AmazonSageMaker"
"USE2-Canvas:Session-Hrs","Hrs","AmazonSageMaker"
"USE2-Host:ml.g5.2xlarge","Hrs","AmazonSageMaker"
"USE2-Host:ml.m4.xlarge","Hrs","AmazonSageMaker"
"USE2-Host:ml.m5.large","Hrs","AmazonSageMaker"
"USE2-Notebk:ml.m4.xlarge","Hrs","AmazonSageMaker"
"USE2-Notebk:ml.m5.xlarge","Hrs","AmazonSageMaker"
"USE2-Notebk:ml.t2.medium","Hrs","AmazonSageMaker"
"USE2-Notebk:ml.t3.large","Hrs","AmazonSageMaker"
"USE2-Notebk:ml.t3.medium","Hrs","AmazonSageMaker"
"USE2-Notebk:ml.t3.xlarge","Hrs","AmazonSageMaker"
"USE2-Processing:ml.m5.xlarge","Hrs","AmazonSageMaker"
"USE2-Studio:CodeEditor-ml.t3.medium","Hrs","AmazonSageMaker"
"USE2-Studio:JupyterLab-ml.t3.medium","Hrs","AmazonSageMaker"
"USE2-Studio:KernelGateway-ml.t3.medium","Hrs","AmazonSageMaker"
"USE2-Studio:KernelGateway-ml.t3.xlarge","Hrs","AmazonSageMaker"
"USE2-Train:ml.m4.xlarge","Hrs","AmazonSageMaker"
"USE2-Train:ml.m5.large","Hrs","AmazonSageMaker"
"USE2-Train:ml.m5.xlarge","Hrs","AmazonSageMaker"
"USE2-TrainDebugFreeTier:ml.m5.2xlarge","Hrs","AmazonSageMaker"
"USE2-Tsform:ml.m5.xlarge","Hrs","AmazonSageMaker"
"USE2-UnifiedStudio:Notebook-sc.t3.medium","Hrs","AmazonSageMaker"
"USW1-Host:ml.m4.xlarge","Hrs","AmazonSageMaker"
"USW1-Processing:ml.c4.xlarge","Hrs","AmazonSageMaker"
"USW1-Studio:KernelGateway-ml.t3.medium","Hrs","AmazonSageMaker"
"USW1-Train:ml.m4.xlarge","Hrs","AmazonSageMaker"
"USW1-Tsform:ml.m5.xlarge","Hrs","AmazonSageMaker"
"USW2-Host:ml.g5.2xlarge","Hrs","AmazonSageMaker"
"USW2-Notebk:ml.c5.4xlarge","Hrs","AmazonSageMaker"
"USW2-Notebk:ml.m5d.2xlarge","Hrs","AmazonSageMaker"
"USW2-Notebk:ml.t2.medium","Hrs","AmazonSageMaker"
"USW2-Notebk:ml.t2.xlarge","Hrs","AmazonSageMaker"
"USW2-Notebk:ml.t3.medium","Hrs","AmazonSageMaker"
"USW2-Studio:JupyterLab-ml.t3.medium","Hrs","AmazonSageMaker"
"USW2-Studio:KernelGateway-ml.g4dn.2xlarge","Hrs","AmazonSageMaker"
"USW2-Studio:KernelGateway-ml.g4dn.xlarge","Hrs","AmazonSageMaker"
"USW2-Studio:KernelGateway-ml.t3.2xlarge","Hrs","AmazonSageMaker"
"USW2-Studio:KernelGateway-ml.t3.medium","Hrs","AmazonSageMaker"
"USW2-Studio:KernelGateway-ml.t3.xlarge","Hrs","AmazonSageMaker"
"USW2-TensorBoard:TensorBoard-ml.r5.large","Hrs","AmazonSageMaker"
"APE1-PublicIPv4:InUseAddress","Hrs","AmazonVPC"
"APN1-PublicIPv4:InUseAddress","Hrs","AmazonVPC"
"APN2-PublicIPv4:InUseAddress","Hrs","AmazonVPC"
"APN3-PublicIPv4:InUseAddress","Hrs","AmazonVPC"
"APS1-PublicIPv4:InUseAddress","Hrs","AmazonVPC"
"APS1-VPCLattice-Service-Hourly","Hrs","AmazonVPC"
"APS2-PublicIPv4:InUseAddress","Hrs","AmazonVPC"
"APS2-VPCLattice-Service-Hourly","Hrs","AmazonVPC"
"APS3-PublicIPv4:InUseAddress","Hrs","AmazonVPC"
"APS4-PublicIPv4:InUseAddress","Hrs","AmazonVPC"
"APS5-PublicIPv4:InUseAddress","Hrs","AmazonVPC"
"APS6-PublicIPv4:InUseAddress","Hrs","AmazonVPC"
"CAN1-PublicIPv4:InUseAddress","Hrs","AmazonVPC"
"DEL1-PublicIPv4:InUseAddress","Hrs","AmazonVPC"
"EU-PublicIPv4:InUseAddress","Hrs","AmazonVPC"
"EUC1-PublicIPv4:InUseAddress","Hrs","AmazonVPC"
"EUC1-VpcEndpoint-GWLBE-Hours","Hrs","AmazonVPC"
"EUN1-PublicIPv4:InUseAddress","Hrs","AmazonVPC"
"EUW2-PublicIPv4:InUseAddress","Hrs","AmazonVPC"
"EUW3-PublicIPv4:InUseAddress","Hrs","AmazonVPC"
"SAE1-PublicIPv4:InUseAddress","Hrs","AmazonVPC"
"USE1-PublicIPv4:InUseAddress","Hrs","AmazonVPC"
"USE1-VPCLattice-Service-Hourly","Hrs","AmazonVPC"
"USE1-VpcEndpoint-Resource-Hours","Hrs","AmazonVPC"
"USE2-PublicIPv4:InUseAddress","Hrs","AmazonVPC"
"USW1-PublicIPv4:InUseAddress","Hrs","AmazonVPC"
"USW2-PublicIPv4:InUseAddress","Hrs","AmazonVPC"
"USW2-VPCLattice-Service-Hourly","Hrs","AmazonVPC"
"USW2-VpcEndpoint-Resource-Hours","Hrs","AmazonVPC"
"USW2-VpcLattice-Service-Network-Resource-Hours","Hrs","AmazonVPC"
"APN1-CloudHSMv2Usage","hours","CloudHSM"
"APS1-CloudHSMv2Usage","hours","CloudHSM"
"USE1-evaluation","Hours","DevOpsAgent"
"USE1-investigation","Hours","DevOpsAgent"
"APN1-EMR-SERVERLESS-vCPUHours","vCPU-Hours","ElasticMapReduce"
"APS1-EMR-SERVERLESS-vCPUHours","vCPU-Hours","ElasticMapReduce"
"APS3-EMR-EKS-EC2-vCPUHours","Hrs","ElasticMapReduce"
"APS3-EMR-EKS-FARGATE-GBHours","Hrs","ElasticMapReduce"
"APS3-EMR-EKS-FARGATE-vCPUHours","Hrs","ElasticMapReduce"
"APS3-EMR-SERVERLESS-vCPUHours","vCPU-Hours","ElasticMapReduce"
"EUN1-EMR-SERVERLESS-vCPUHours","vCPU-Hours","ElasticMapReduce"
"USE1-EMR-SERVERLESS-vCPUHours","vCPU-Hours","ElasticMapReduce"
"USE2-EMR-SERVERLESS-ARM-vCPUHours","vCPU-Hours","ElasticMapReduce"
"USE2-EMR-SERVERLESS-vCPUHours","vCPU-Hours","ElasticMapReduce"
"USW2-EMR-SERVERLESS-vCPUHours","vCPU-Hours","ElasticMapReduce"
